Model,$\gamma_s$,$T$,$\tau$,$\Delta$,AUROC,Balanced Accuracy,F1,Precision,Recall
ir-CSN\_152,224,32,12,2.67,0.8565749077576857,0.5944782495498657,0.14013740420341492,0.17686404287815094,0.19401074945926666
ir-CSN\_152*,224,48,10,4.80,0.8445072723010552,0.6817655563354492,0.15113243460655212,0.1162605956196785,0.38554662466049194
