Model,$\gamma_s$,$T$,$\tau$,$\Delta$,AUROC,Balanced Accuracy,F1,Precision,Recall
ir-CSN\_152,224,56,14,4.0,0.8787327451579838,0.6823728084564209,0.3496244549751282,0.3641105890274048,0.381076842546463
ir-CSN\_152*,224,48,9,5.33,0.8755645380635666,0.679424524307251,0.3499975800514221,0.3612976670265198,0.37491586804389954
ir-CSN\_152*,224,48,8,6.0,0.8735007399122334,0.6818370223045349,0.34898605942726135,0.3624677062034607,0.38075828552246094
ir-CSN\_152*,224,48,12,4.0,0.8770279510614756,0.6829644441604614,0.34780052304267883,0.35301217436790466,0.38294902443885803
ir-CSN\_152,224,64,16,4.0,0.8791942341139116,0.6810659766197205,0.3472840189933777,0.3596382737159729,0.37828025221824646
